url,title,text,topic,tags,author
https://lenta.ru/news/2023/10/23/polovina-rossiyan-stala-zarabatyvat-bolshe/,Половина россиян стала зарабатывать больше,"Фото: Юрий Смитюк / ТАСС  Половина опрошенных россиян стала в 2023 году зарабатывать больше, 36 процентов сотрудников заявили, что их доход не изменился, а у 14 процентов он снизился, следует из результатов исследования, в ходе которого рекрутинговая компания Get experts опросила работодателей и специалистов в связи с мотивационными программами в компаниях. Самой необязательной опцией социального пакета респонденты сочли детские новогодние подарки и билеты на елки (36 процентов ответов). Результаты поступили в распоряжение «Ленты.ру». Свои оценки высказали более двух тысяч участников, 55 процентов из которых представляют российские компании, еще 45 — иностранные. Важность соцпакета гораздо чаще отмечали участвовавшие в опросе женщины, нежели их коллеги-мужчины (57 и 36 процентов соответственно). О полной удовлетворенности имеющимися в их компаниях программами мотивации заявили 15 процентов сотрудников, около половины (52 процента) в целом ими удовлетворены, а треть — не удовлетворены совсем. Наиболее значимыми опциями в социальном пакете сотрудники чаще называли пункты, связанные с собственным здоровьем, в том числе медстраховку (63 процента) и доплату по больничным листам до оклада или среднего заработка (46 процентов). Среди пунктов соцпакета, от которых работники готовы отказаться, помимо уже названых подарков для детей оказались скидки на продукты и услуги компании (21 процент), оплата путевок в санатории и дома отдыха (20 процентов), а также расширенная медицинская страховка для выезда за границу и негосударственное пенсионное страхование (по 19 процентов). Ранее каждый четвертый опрошенный россиянин пожаловался на то, что работодатели сократили им бонусы и соцпакет в 2022 году. 23 процента обратили внимание на сокращение пакета ДМС, а 15 процентов вовсе лишились этой опции. Чаще всего на урезание мотивации сетовали сотрудники транспортной (80 процентов) и медицинской (60 процентов) сфер.",,Экономика,Дмитрий Воронин
https://lenta.ru/news/2023/10/22/v-ssha-na-stadione-pokazali-na-ekrane-foto-gitlera/,В США на стадионе показали на экране фото Гитлера,"Фото: Bulkin Sergey / news.ru / Global Look Press На стадионе в США показали на экране фотографию Адольфа Гитлера. Об этом сообщает CNN. Инцидент произошел перед матчем по американскому футболу между «Мичиган Стэйт Спартанс» и «Мичиган Вулверинс» в рамках Национальной ассоциации студенческого спорта (NCAA). Зрителям предложили принять участие в викторине, где нужно было отгадать, в какой стране родился человек на экране. «Мы глубоко сожалеем о том, что он был показан, поскольку он не отражает наши ценности», — заявил спортивный директор команды «Мичиган Стэйт» Мэтт Ларсон. Отмечалось, что в университете будут тщательнее проверять подготовленные к показу материалы. В учебном заведении также сообщили, что ранее неоднократно использовали видео с YouTube-канала The Quiz Channel. При этом создатель канала Флорис ван Палландт заявил, что его контент использовали несанкционированно и без его ведома. Матч завершился со счетом 49:0 в пользу «Мичиган Вулверинс».",,Спорт,Дарья Коршунова
https://lenta.ru/news/2023/10/23/dna/,Разработан новый нанодвигатель на основе ДНК,"Фото: Unsplash Международная группа ученых разработала новый тип нанодвигателя из ДНК, который приводится в движение умным механизмом на основе РНК-полимеразы и совершает пульсирующие движения. Результаты исследования опубликованы в журнале Nature Nanotechnology. Специалисты использовали инструмент компьютерного моделирования oxDNA, чтобы спроектировать нанодвигатель с листовой рессорой. Структура состоит из почти 14 тысяч нуклеотидов, которые образуют основные ДНК-компоненты, и по форме напоминает кистевой эспандер: две ручки, образующие V-образную конструкцию, соединены пружиной. Размер нанодвигателя составляет 70 на 70 на 12 нанометров. Она приводится в движение благодаря химической энергии нуклеозидтрифосфатов, имеющих три фосфатные группы. Специальный фермент, называемый РНК-полимеразой, был прикреплен к одной из ручек двигателя, а в непосредственной близости нее была натянута цепь ДНК между двумя ручками. Полимераза захватывает цепь ДНК, чтобы транскрибировать ее, то есть использовать в качестве шаблона для синтеза РНК-молекул (транскриптов). Нетранскрибируемый участок становится меньше, что притягивает одну ручку к другой. Когда РНК-полимераза достигает особой последовательности, называемой терминальной, то фермент отпускает ДНК, и структура принимает изначальное положение, после чего цикл повторяется. Ученые также планируют создать такой тип сцепления, который позволит использовать мощность двигателя только в определенное время. В долгосрочной перспективе двигатель может стать сердцем сложной наномашины.",,Наука и техника,Александр Еникеев
https://lenta.ru/news/2023/10/22/sud-v-irake-zaochno-prigovoril-doch-huseyna-k-7-godam-tyurmy/,Суд в Ираке заочно приговорил дочь Хусейна к семи годам тюрьмы,"Фото: Khaled Abdullah / Reuters Суд в Багдаде заочно приговорил дочь бывшего президента Ирака Саддама Хусейна Рагад (Raghad Hussein) к семи годам тюрьмы за пропаганду правящей партии «Баас». Об этом сообщает индийская газета The Hindustan Times (HT). Отмечается, что поводом стали слова Рагад во время телеинтервью, которое она дала в 2021 году. О каких именно высказываниях идет речь, не уточняется. Однако газета напомнила, что в 2021 она дала интервью телеканалу Al-Arabiya. «Многие люди говорили мне, что наш период действительно был временем славы, гордости. Конечно, страна была стабильной и богатой», — заявила Рагад. При этом большинство иракцев четверть века, в течение которых правил Саддам Хусейн, по-прежнему воспринимают как время жестоких репрессий, подчеркивает издание. По данным HT, что Рагад по-прежнему живет в Иордании вместе со своей сестрой Раной. В 2006 году Рагад и ее мать Саджида Талфа (Sajida Talfah) были объявлены в розыск по обвинению в пособничестве терроризму и оказании материальной помощи сепаратистам. Тогда же к розыску Рагад Хусейн подключился Интерпол. Рагад Хусейн покинула Ирак в 2003 году, когда в страну вошли войска коалиции. В 2006 году она принимала участие в организации судебной защиты своего отца, которого впоследствии признали виновным в преступлениях против человечности и казнили.",,Мир,Марина Совина
https://lenta.ru/news/2023/10/23/v-izraile-reshili-likvidirovat-okazavsheesya-bespoleznym-ministerstvo/,В Израиле решили ликвидировать оказавшееся бесполезным министерство,"Фото: Janis Laizans / Reuters В Израиле решили распустить министерство общественной дипломатии (Министерство информации) из-за бесполезности. Об этом сообщает газета The Times of Israel (ToI). Поясняется, что ведомство с момента атаки движения ХАМАС на Израиль не сумело выдать ни одного значимого пояснения по теме. Из-за этого министр Галит Дистель Атбарян уже покинула свой пост. Неиспользованный бюджет министерства на 2023 год (9,4 миллиона шекелей) и на 2024-й (14,4 миллиона шекелей) будет передан на восстановление пострадавшего от атаки населенного пункта Текума рядом с Сектором Газа. 29 сотрудников ликвидируемого ведомства также будут направлены на восстановление разрушенных городов. Окончательную судьбу министерства решит кабинет министров Израиля посредством телефонного голосования. Однако, по информации издания, соответствующее решение уже принято. Утром 7 октября ХАМАС атаковало Израиль. Кроме того, из сектора Газа в приграничные районы Израиля проникло неопределенное число террористов. Тель-Авив назвал нападение войной",СюжетВойна Израиля с ХАМАС,Мир,Марина Совина
https://lenta.ru/news/2023/10/22/zavershilos-golosovanie-na-vyborah-prezidenta-argentiny/,Завершилось голосование на выборах президента Аргентины,"Фото: Franco Fafasuli / dpa / Global Look Press В Аргентине завершилось голосование на президентских выборах. Об этом сообщает Reuters. Основными претендентами на победу считаются крайне правый политик Хавьер Милей, бывший член правительства Патрисия Буллрич и кандидат от правящей партии «Союз ради родины» Серхио Масса. Для победы в первом туре кандидату надо набрать 45 процентов голосов, но при этом опередить ближайшего преследователя на 10 процентов. Ожидается, что окончательные результаты будут объявлены вечером в воскресенье по местному времени (в Москве будет ранее утро). Как отмечает Reuters, наиболее вероятен вариант, при котором ни один из претендентов не наберет нужного количества голосов и будет объявлен второй тур. Скорее всего, в него пройдут Милей и Масса. Агентство пишет, что возвышение малоизвестного еще некоторое время назад Милея стало следствием сложной экономической ситуации в стране. Милея отличает крайний популизм, неприятие феминизма и абортов, он выступает с антикитайских позиций.",,Мир,Марина Совина
https://lenta.ru/news/2023/10/23/tsahal-udaril-po-mecheti-i-zhilym-domam-v-sektore-gaza/,ЦАХАЛ ударил по мечети и жилым домам в Газе,"Фот: РИА Новости В результате обстрела Военно-воздушными силами Израиля (ВВС) двух жилых домов и мечети на севере сектора Газа погибли 13 человек. Об этом сообщает палестинское информагентство WAFA. Отмечается, что израильские военные самолеты совершили несколько налетов на два дома в районе Аль-Тернис и мечеть аль-Альбани в лагере Джабалия на севере Газы. Ранее в Пентагоне рассказали о трудностях для израильской армии в секторе Газа. По словам министра обороны США Ллойда Остина, проведение наземной операции ЦАХАЛ и в секторе Газа затрудняет использование палестинской группировкой ХАМАС подземных туннелей. Министр обороны Израиля Йоав Галант заявил, что операция ЦАХАЛ в секторе Газа может занять до трех месяцев. Он указал, что «это должен быть последний маневр», который приведет к уничтожению ХАМАС.",СюжетВойна Израиля с ХАМАС,Мир,Екатерина Подвигина
https://lenta.ru/news/2023/10/23/obstrel_dnr/,Украинские военные 24 раза за сутки обстреляли территорию ДНР,"Фото: Stringer / Reuters Вооруженные силы Украины (ВСУ) за прошедшие сутки 24 раза обстреляли территорию Донецкой Народной Республики (ДНР). Об этом сообщается в Telegram-канале представительства республики в Совместном центре по контролю и координации вопросов, связанных с военными преступлениями Украины (СЦКК). Уточняется, что в общей сложности украинские военные выпустили 90 единиц различных боеприпасов. «Под вражеским огнем оказались районы двух населенных пунктов Республики: Горловка (Никитовский район), столица г. Донецк (Киевский, Куйбышевский, Кировский, Петровский районы)», — говорится в сообщении. По данным представительства, на донецком направлении было совершено десять обстрелов, на горловском — 14. Ранее ВСУ в ночь на субботу, 21 октября, обстреляли Донецк, Макееву и Ясиноватский район. Отмечалось, что противник выпустил 12 снарядов «натовского» калибра 155 миллиметров за десять минут.",,Бывший СССР,Марина Совина
https://lenta.ru/news/2023/10/23/ultimatum/,Израиль потребовал от ООН проверять грузы для Газы,"Фото: Ibraheem Abu Mustafa / Reuters Организация Объединенных Наций (ООН) должна проверять на оружие грузы, которые проходят через КПП «Рафах» из Египта в сектор Газа. Такое заявление сделал посол Израиля в России Александр Бен Цви, пишет ТАСС. По его словам, Тель-Авив не хочет, чтобы поставки предназначались боевикам. «Единственное наше требование, которое было к ООН - это то, чтобы эти грузы, которые входят туда, проверялись. <...> И чтобы это предназначалось действительно гражданскому населению, а не каким-то военным и террористическим группировкам, которые используют их в своих целях», — сказал Бен Цви. Дипломат подчеркнул, что Израиль не располагает точной информацией о том, соответствовали ли уже пропущенные грузы всем требованиям. В то же время он добавил, что «вроде как, все было нормально». О том, что в сектор Газа из Египта въехала вторая колонна грузовиков с гуманитарной помощью, сообщалось ранее 22 октября. Перед въездом они были проверены с египетской стороны. Первая колонна с гуманитарной помощью из 20 грузовиков въехала в Газу 21 октября, после чего Египет вновь закрыл КПП «Рафах». Президент Египта Абдель Фаттах ас-Сиси объяснил это бомбардировками Израиля.",,Мир,Марина Совина
https://lenta.ru/news/2023/10/23/israel_bolivia/,В Боливии предложили объявить Израиль террористическим государством,"Эво Моралес. Фото: Paula Acunzo / Globallookpress.com Правительство Боливии должно объявить Израиль террористическим государством и разорвать с ним отношения. С таким предложением выступил бывший боливийский президент и глава левой партии «Движение к социализму» Эво Моралес в соцсети X (бывшая Twitter). Кроме того, по его словам, власти страны должны «четко и решительно» осудить геноцид палестинских граждан. «Геноцид в Палестине допустить нельзя. Израиль должен быть объявлен террористическим государством», — считает политик. Он отметил, что отношения между Боливией и Израилем были разорваны в 2005 году, однако затем были восстановлены. «После государственного переворота в ноябре 2019 года, поддержанного США, [временный президент Жанин] Аньес, подчиняясь приказам империи, восстановила отношения с Израилем», — написал Моралес. Утром 7 октября палестинская группировка ХАМАС атаковала Израиль. Тель-Авив назвал нападение войной и 10 октября начал наносить в ответ широкомасштабные удары по объектам боевиков ХАМАС в секторе Газа.",СюжетВойна Израиля с ХАМАС,Мир,Марина Совина
https://lenta.ru/news/2023/10/23/model-victoria-s-secret-pokazala-telo-v-kupalnike/,Модель Victoria's Secret показала тело в купальнике,"Кадр: @devwindsor Американская манекенщица Девон Виндзор поделилась с фанатами видео в откровенном наряде. Соответствующая публикация появилась на ее странице в TikTok. 29-летняя модель Victoria's Secret показала тело в купальнике оранжевого цвета с золотистой отделкой. На размещенных кадрах знаменитость позировала перед камерой с распущенными волосами, отказавшись от макияжа. Кроме того, она надела полосатую рубашку и ожерелье из ракушек. Свой образ она дополнила винтажными солнцезащитными очками и сумкой Prada. «В Майами всегда лето!» — подписала свой пост Виндзор. Ранее в октябре британская супермодель Наоми Кэмпбелл снялась в откровенном наряде бренда Louis Vuitton для ноябрьского номера корейской версии журнала Vogue. 53-летняя манекенщица предстала перед камерой в полупрозрачном боди с декором в виде металлических колец на груди, которую частично прикрывали ее распущенные волосы.",,Ценности,Карина Черных
https://lenta.ru/news/2023/10/23/umer-rossiyskiy-bloger-dyadya-slava/,Умер российский блогер Дядя Слава,"Кадр: YouTube канал «Дядя Слава нарезки» Умер российский блогер Дядя Слава (настоящее имя Станислав Андреев). Ему было 56 лет. Об этом сообщается в официальном Telegram-канале блогера. Отмечается, что Дядя Слава ушел из жизни 22 октября около девяти часов вечера. Последние годы мужчина боролся с онкологическим заболеванием. «Он сталкивался с болями, которые прожигают не только тело, но и душу с разумом. Но разум оставался с ним до самого конца. И даже в такие моменты он подмигивал, как бы говоря ""не беспокойся"", улыбался, интересовался как дела у нас, у вас, у других людей. Юморил, хулиганил, ну вы знаете его», — говорится в сообщении. Также отмечается, что покойный до последнего смеялся над шутками, не унывал, не расстраивался и никогда не производил он никогда впечатление безнадежного больного из-за своего настроя. Ранее сообщалось, что на 80-м году жизни скончалась актриса из фильма «Аты-баты, шли солдаты…» Нина Кирьякова.",,Интернет и СМИ,Екатерина Подвигина
https://lenta.ru/news/2023/10/22/poyavilis-podrobnosti-popytki-otravit-rossiyskih-letchikov-pri-pomoschi-torta/,Появились подробности попытки отравить российских летчиков при помощи торта,"Фото: Telegram-канал Fighterbomber Появились подробности попытки отправить летчиков из Армавирского военного авиационного училища при помощи торта. Кондитерское изделие и ящик алкоголя были доставлены к ресторану, где летчики собирались отметить 20-летие выпуска, утром, когда никого из выпускников там еще не было. Об этом сообщает издание Baza. Отмечается, что сейчас оперативники ищут кондитеров, которые изготовили торт, а также других соучастников возможной неудавшейся диверсии. О попытке отравить выпускников Армавирского училища стало известно накануне. По данным Telegram-канала Fighterbomber, к диверсии могло иметь отношение Главное управление разведки (ГУР) Украины. Сообщается, что летчики собрались в ресторане, чтобы отметить 20-летие со дня выпуска. В ходе празднования было решено съесть торт, однако участников банкета насторожило, что они не смогли узнать, от чьего лица было доставлено кондитерское изделие. Возможным доставщиком оказался уроженец Мелитополя, его задержали в аэропорту Ставрополя при попытке вылететь в Москву.",,Силовые структуры,Марина Совина
https://lenta.ru/news/2023/10/23/stali-izvestny-artisty-uchastniki-pesni-goda/,Стали известны артисты-участники «Песни года»,"Фото: Виталий Белоусов / РИА Новости 2 декабря в Москве во дворце спорта «Мегаспорт» пройдет запись традиционного фестиваля «Песня года». Уже известен список артистов, которые примут участие в шоу. Об этом сообщает KP.RU. На сцене появятся завсегдатаи фестиваля Григорий Лепс, Ирина Аллегрова, Полина Гагарина, Николай Басков, Лев Лещенко, Игорь Николаев, Дмитрий Маликов, Дима Билан, Сосо Павлиашвили, Алсу, Лолита. Также выступят Ирина Дубцова, Юлия Савичева и Anna Asti. Также в список попали Клава Кока, Люся Чеботина и Ваня Дмитриенко, известный по песне «Венера — Юпитер». Второй раз за свою карьеру в фестивале примет участие SHAMAN. Ранее сообщалось, что самыми популярными музыкальными композициями у россиян этой осенью стали треки певицы Anna Asti и группы «Король и шут», вновь оказавшейся в тренде на фоне успеха одноименного биографического сериала. В сентябре абоненты устанавливали их себе на мобильные номера вместо гудков активнее всего. Об этом свидетельствует исследование, проведенное «МегаФоном» на основе данных сервиса «Замени гудок».",,Культура,Екатерина Подвигина
https://lenta.ru/news/2023/10/23/razboy/,Раскрыты подробности задержания пытавшегося отравить пилотов курьера,"Фото: Nikolay Gyngazov / Global Look Press Курьера, пытавшегося отравить тортом выпускников летного училища в Армавире, задержали в аэропорту Ставрополя. Об этом сообщает издание Baza. Некий 32-летний Семенов Е. был задержан 21 октября при попытке улететь в Москву дневным рейсом. При этом он был объявлен в розыск по статье УК РФ «Разбой». Предположительно, это было сделано из-за отсутствия доказательств причастности мужчины к инциденту. После задержания его передали оперативникам из Армавира. Об инциденте сообщалось в ночь на 23 октября. Во время празднования в Армавирском высшем военном авиационном Краснознаменном училище летчиков противовоздушной обороны (АВВАКУЛ) 20-летней годовщины выпуска к офицерам приехал курьер и передал 20-килограмовый десерт и ящик спиртного с сильнодействующим ядом.",,Силовые структуры,Марина Совина
https://lenta.ru/news/2023/10/23/v-rezultate-palestino-izrailskogo-konflikta-pogibli-10-grazhdan-britanii/,Стало известно о гибели 10 британцев в результате эскалации в Израиле,"Фото: Mohammed Salem / Reuters В результате эскалации палестино-израильского конфликта погибли по меньшей мере десять граждан Великобритании. Такие цифры приводит телеканал Sky News. Сообщается, что подтвердилась смерть 16-летней британки, которая пропала вместе с семьей после атаки палестинской группировки ХАМАС на кибуц Беэри 7 октября. По данным телеканала, сестра и мать девушки также погибли, а ее отец числится пропавшим без вести. Ранее посольства России в Израиле сообщило, что в ходе атаки ХАМАС погибли четыре россиянина, еще шестеро пропали.",СюжетВойна Израиля с ХАМАС,Мир,Марина Совина
https://lenta.ru/news/2023/10/23/figuristka-drobyazko-obzhaluet-reshenie-o-lishenii-grazhdanstva-litvy/,Фигуристка Дробязко обжалует решение о лишении гражданства Литвы,"Фото: Komsomolskaya Pravda / Global Look Press Фигуристка Маргарита Дробязко заявила, что подала жалобу на указ президента Литвы о лишении ее гражданства. Об этом она сообщила в Instagram (запрещен в РФ; принадлежит корпорации Meta, признанной экстремистской и запрещенной в России). «Сегодня я рада сообщить, что нашла силы бороться за то, что считаю правильным и важным», — написала она. Фигуристка отметила, что Департамент государственной безопасности Литвы пришел к выводу, что она не представляет никакой угрозы национальной безопасности страны. Несмотря на это, президент Республики Гитанас Науседа подписал указ о лишении Дробязко гражданства. Спортсменка также напомнила, что уже описывала свою позицию по данному вопросу и объясняла причины, по которым считала решение литовских властей неправомерным и несправедливым. «Я знаю, что меня поддерживает большинство литовцев, ставших за те тридцать лет, что я являюсь гражданкой Литвы, такими же близкими для меня людьми, как и живущие на моей исторической родине — в России», — добавила бронзовый призер чемпионата мира по фигурному катанию. Дробязко приняла гражданство Литвы в 1993 году. Вместе с супругом Повиласом Ванагасом она пять раз представляла страну на Олимпийских играх в соревнованиях танцевальных дуэтов. 15 сентября стало известно, что президент Литвы Гитанас Науседа лишил Дробязко гражданства. Причиной стало выступление спортсменки в шоу Навки в России. В свою очередь, фигуристка заявила, что не готова была отказаться от России ради сохранения литовского паспорта.",,Спорт,Ксения Назарова
https://lenta.ru/news/2023/10/23/reduction/,Девушка уменьшила грудь из-за насмешек и снова столкнулась с хейтом,"Фото: @amba.rose Девушка с огромным размером груди уменьшила ее и столкнулась с хейтом. Об этом она рассказала Daily Mail. 23-летняя Амбра Роуз из Великобритании с подросткового возраста испытывала трудности из-за необычайно большого размера груди. Она носила чашку размера L, и одноклассники часто дразнили ее и намекали, что она толстая. После окончания школы Роуз начала получать унизительные комментарии на своих страницах в социальных сетях. К тому же у девушки сильно болела спина из-за размера груди. Даже когда я повзрослела и поступила в университет, люди не смотреои мне в глаза — они пялились на мою грудь. Я заходила в аудиторию и слышала, как меня обсуждают. И если я общалась с парнями, девочкам это не нравилось и они начинали вести себя со мной иначе Роуз мечтала уменьшить грудь с 15 лет, но ей долго отказывали в этом, считая, что показаний для хирургического вмешательства нет. После долгих лет споров с врачами и согласований девушка наконец смогла получить государственную квоту и направление на операцию в 2021 году. В июле ей провели редукцию обеих молочных желез, уменьшив их размер с L до E. Уменьшение груди положительно повлияло как на физическое самочувствие, так и на психологическое состояние девушки. Она рада, что теперь может заниматься любым спортом и даже прыжками на батуте, у нее не болит спина, а люди не смотрят только на грудь. Девушка по-прежнему восстанавливается после операции, этот процесс может занять от шести месяцев до года. После операции девушка потеряла около шести тысяч подписчиков в соцсетях. Мужчины писали ей, что «теперь она ни на что не годится». Однако Роуз не обращает внимания на хейтеров и считает падение их интереса к ней «неочевидной удачей». Ранее модель с огромной грудью рассказала, что едва не стала причиной аварии из-за своего размера. Мужчина засмотрелся на нее, когда она скакала и верхом и грудь выпала из открытого топа.",,Из жизни,Алиса Дмитриева
https://lenta.ru/news/2023/10/23/rossiyskie-desantniki-unichtozhili-tank-vsu-v-zone-svo/,Российские десантники уничтожили танк ВСУ в зоне СВО,"Фото: Министерство обороны / РИА Новости Российские десантники уничтожили танк украинских войск на запорожском направлении. Танк был обнаружен бойцами армейского спецназа «Осман». Об этом сообщает РИА Новости. На видеокадрах, опубликованных агентством, видно, как танк Вооруженных сил Украины (ВСУ) был обнаружен и сопровождался беспилотником «Османа». Координаты бронемашины были переданы соседнему подразделению. Российские десантники поразили ее при помощи управляемой противотанковой ракеты. После прямого попадания в танке сдетонировал боекомплект, техника была уничтожена.",,Бывший СССР,Екатерина Подвигина
https://lenta.ru/news/2023/10/23/ukrain_conflict/,В США предрекли чудовищные последствия из-за помощи Украине,"Фото: Pavlo Palamarchuk / Stringer / Reuters Продолжение помощи Украине является чудовищным решением, поскольку это не поможет ей победить в конфликте, а только приведет к новым потерям. Такое мнение высказал профессор университета Миссисипи Джозеф Аткинс в эфире YouTube-канала Dialoge Works. По его словам, украинская сторона уже потерпела поражение в конфликте. «Поэтому сохранять их финансирование — это просто чудовищно и аморально», — считает эксперт. Он также обвинил западных политиков в том, что они преследует собственные интересы в конфликте на Украине. Как утверждает Аткинс, Европа, США и НАТО «поставили на кон в украинском конфликте свое политическое будущее». Ранее американский лидер Джо Байден запросил у Конгресса согласование бюджета, в который входит помощь Украине и Израилю на 61,3 миллиарда долларов. Глава государства рассчитывает на поддержку со стороны обеих партий, так как проект отвечает интересам обеих сторон.",,Мир,Марина Совина
https://lenta.ru/news/2023/10/23/vypusknikov-rossiyskogo-letnogo-uchilischa-popytalis-otravit-tortom-kakie-esche-metody-ukraina-ispolzuet-dlya-teraktov/,Выпускников российского летного училища попытались отравить тортом. Какие еще методы Украина использует для терактов?,"Фото: Telegram-канал Fighterbomber Выпускников летного училища в Армавире попытались отравить тортом и алкоголем. Об этом сообщил Telegram-канал Fighterbomber. Во время празднования 20-летней годовщины выпуска в Армавирском высшем военном авиационном Краснознаменном училище летчиков противовоздушной обороны (АВВАКУЛ) к офицерам приехал курьер и передал 20-килограммовый десерт и ящик спиртного. Боевые пилоты попытались установить отправителя, но попытки не увенчались успехом. Заподозрив неладное, уже порезанный торт отправили на проверку. Курьера решили вычислить по камерам и передали кадры спецслужбам. Те нашли злоумышленника в момент покупки билета на самолет. Им оказался 32-летний уроженец Мелитополя Е. Семенов. Он был задержан при попытке улететь в Москву дневным рейсом. При этом мужчину объявляли в розыск по статье УК РФ «Разбой». Предположительно, это было сделано из-за отсутствия доказательств причастности мужчины к инциденту. После задержания его передали оперативникам из Армавира. Позднее курьер рассказал, что в сделанный в Армавире торт и алкоголь был подмешан сильнодействующий яд. Никто из 77 гостей праздника не успел употребить отраву. Fighterbomber указал, что причастным к инциденту является Главное управление разведки (ГУР) Украины. Сейчас оперативники ищут кондитеров, которые изготовили торт, а также других соучастников возможной неудавшейся диверсии. Ставропольский суд арестовал Семенова на 15 суток. На него полиция составила протокол за мелкое хулиганство. За это время следователям предстоит выяснить все детали случившегося. Между тем появились подробности произошедшего от участника праздничного мероприятия. Подполковник запаса Сергей Литвинов рассказал, что летчиков спасла бдительность одного из офицеров. По его словам, в конце вечера один из сотрудников ресторана объявил, что курьер привез летчикам многоэтажный торт с надписью «Армавирское ВАУЛ» и эмблемой училища, а также несколько ящиков спиртного. Отправителем подарка курьер назвал неких ветеранов вуза, которые таким образом решили поздравить летчиков. Они обрадовались торту, начали фотографироваться на его фоне, а после разрезали и стали раскладывать по тарелкам. В последний момент один из офицеров криком остановил гостей от поедания десерта. Отставить! Торт вон! Бутылки вон! Он обратился к администрации ресторана и стал смотреть записи с камеры видеонаблюдения на входе. Она зафиксировала лицо курьера, фотографию которого разослали сослуживцам и коллегам из МВД России. 10 июля в Краснодаре киллер выстрелил в замначальника городского отдела по мобилизационной работе Станислава Ржицкого. Бывшего 42-летнего командира подлодки «Краснодар» подкараулили, когда тот отправился на утреннюю пробежку. Украинские СМИ обвиняли погибшего в причастности к запуску ракет «Калибр» по объектам на территории Украины. Преступника оперативно задержали. Им оказался бывший президент Федерации карате-до Украины, уроженец Сумской области Сергей Денисенко. При задержании у него обнаружили пистолет с глушителем. 2 апреля в Санкт-Петербурге был взорван военкор Владлен Татарский (настоящее имя — Максим Фомин) во время его творческого вечера. Кроме него еще 40 человек получили ранения разной тяжести. Произошедшее было квалифицировано как теракт. Взрывное устройство находилось в статуэтке, которую на мероприятие принесла бывшая активистка Фонда борьбы с коррупцией (ФБК) Алексея Навального (включен в список террористов и экстремистов; учрежденный им ФБК включен Минюстом в реестр организаций, выполняющих функции иностранного агента, признан экстремистской организацией и запрещен в России) Дарья Трепова. На допросе девушка призналась, что познакомилась в сети с неким активистом, который предложил ей переехать в Киев и стать редактором медиаресурса, но сначала она должна была пройти «стажировку». Одним из заданий стала передача статуэтки Татарскому. 6 мая автомобиль Audi Q7, в котором ехал писатель Захар Прилепин, был взорван в деревне Пионерское, расположенной в 30 километрах от города Бор Нижегородской области. Вместе с писателем ехала и его дочь, но девочка вышла из авто раньше. После остановки, примерно через 100 метров пути, произошел взрыв. Писатель получил ранения обеих ног. В августе 2022 года был взорван автомобиль, в котором находилась журналистка Дарья Дугина. Дочь известного философа Александра Дугина возвращалась с фестиваля «Традиция» на машине, в которой должен был ехать ее отец. Непосредственным исполнителем теракта стала боец бригады «Азов» (запрещенная в России террористическая организация) Наталья Вовк, которая следила за журналисткой и арендовала квартиру в ее доме. Позднее она скрылась в Европе. Впоследствии руководитель ГУР Министерства обороны Украины Кирилл Буданов подтвердил, что ведомство причастно к подрывам российских медийных лиц. Очень много уже кого достали. Есть такие медийные, публичные случаи, которые становятся достоянием общественности Также Буданов пригрозил новыми ударами по Крыму словами «еще увидите». Он заявил, что киевские власти хотят уничтожать на полуострове то, что относится к России.",,Силовые структуры,Марина Совина
https://lenta.ru/news/2023/10/23/na-ukraine-soobschili-o-vzryvah-v-odesse/,На Украине сообщили о взрывах в Одессе,"Фото: Viacheslav Onyshchenko / Keystone Press Agency / Global Look Press В Одессе в ночь на 23 октября произошло несколько взрывов, работает система противовоздушной обороны (ПВО). Об этом сообщает местное издание «Думская» в Telegram. «Остаемся в укрытиях до отбоя», — говорится в сообщении. Согласно данным онлайн-карты Министерства цифровой трансформации Украины, в Одесской, Николаевской, Днепропетровской и Кировоградской областях, а также на подконтрольных Киеву частях Херсонской и Запорожской областей прозвучала воздушная тревога. Ранее истребительной авиации Военно-космических сил (ВКС) России удалось сбить в районе Одессы украинский бомбардировщик Су-24. В Минобороны РФ отметили, что объединенной группировке российских войск удалось нанести поражение живой силе и технике Вооруженных сил Украины (ВСУ) в 118-ти районах. Утром 17 октября в Одесской области была объявлена воздушная тревога, сообщалось о взрывах.",СюжетВзрывы в Одессе:,Бывший СССР,Марина Совина
https://lenta.ru/news/2023/10/23/nazvany-kategorii-produktov-kotorye-nelzya-upotreblyat-meteozavisimym/,Названы запрещенные для метеозависимых продукты,"Фото: Reuters Врач-диетолог Елена Соломатина рассказала, что метеозависимый человек может чувствовать себя лучше при резких изменениях погоды, если откажется от употребления продуктов, содержащих трансжиры, сахар и соль. Ее слова приводит радио Sputnik. Эксперт отметила, что недомогание при смене погоды, сопровождаемой перепадами атмосферного давления, чаще всего возникает у людей с определенными заболеваниями. Такая реакция означает, что система адаптации организма к условиям окружающей среды нарушена. Соломатина уточнила, что в основном это бывает связано с сердечно-сосудистыми заболеваниями. По словам врача-диетолога, метеозависимым следует соблюдать особую диету, чтобы улучшить состояние своего здоровья. Эксперт рекомендует исключить из рациона трансжиры — жареное, копченое, маргарин. Также необходимо отказаться от продуктов с добавленным сахаром и изделий из белой муки — все это серьезно вредит сосудам. Также лучше отказаться от употребления соли, так как она задерживает жидкость в организме, что приводит к повышению давления. При этом, когда в воздухе понижено содержание кислорода при перепадах атмосферного давления, у некоторых людей может ухудшаться самочувствие из-за продуктов, содержащих нитрит натрия, то есть от колбасы и ветчины. Ранее гинеколог Екатерина Волкова назвала пищевые привычки, которые помогут сохранить фигуру и здоровье после 40 лет.",,Забота о себе,Екатерина Подвигина
https://lenta.ru/news/2023/10/23/melitopolskaya_operatsiya/,Историк рассказал о влиянии Мелитопольской операции на освобождение Крыма,"Фото: Николай Вихирев / РИА Новости Мелитопольская операция позволила освободить правобережную Украину и Крым, заявил научный директор Российского военно-исторического общества (РВИО) Михаил Мягков. Об этом он рассказал в интервью РИА Новости. По словам историка, она стала для Красной Армии «малым Сталинградом». Он напомнил, что на протяжении десяти дней на улицах города шли ожесточенные бои, а одержать победу в сражениях удалось в том числе благодаря штурмовым группам, опыт применения которых был получен в Сталинградской битве. Как отметил Мягков, Мелитополь являлся ключом к началу освобождения южной части правобережной Украины, которая включала в себя Херсон, Николаев и Одессу. «Потеряв Мелитополь, вся немецкая 17-я армия и румынские части оказались бы в западне в Крыму. <...> Враг понимал, что терять этот город ему ни в коем случае нельзя, поэтому дрался насмерть», — подчеркнул он. Ранее глава РВИО призвал вернуть российскую армию на Кубу. По его мнению, это поможет «держать руку на пульсе» стратегического соперника — США.",,Наука и техника,Марина Совина
https://lenta.ru/news/2023/10/23/6countries/,Шесть стран обязались координировать действия по отправке помощи в Газу,"Фото: Ibraheem Abu Mustafa / Reuters США, Италия, Канада и «евротройка» (Великобритания, Франция и Германия) обязались координировать действия по отправке гуманитарной помощи в Газу и по предотвращению разрастания конфликта Палестины и Израиля. Об этом сообщила пресс-служба Белого дома. Отмечается, что лидеры шести стран подтвердили свою поддержку Израиля и его права на самооборону. При этом они призвали к соблюдению норм международного гуманитарного права, включая защиту гражданского населения. Ранее посол Израиля в России Александр Бен Цви заявил, что ООН должна проверять на оружие грузы, которые проходят через КПП «Рафах» из Египта в сектор Газа. По его словам, требование Тель-Авива в том, чтобы поставки предназначалось действительно гражданскому населению, а не военным и террористическим группировкам.",СюжетНаселение России:,Мир,Марина Совина
https://lenta.ru/news/2023/10/22/izrail-udalit-iz-shkolnoy-programmy-upominaniya-o-grete-tunberg/,Израиль удалит из школьной программы упоминания о Грете Тунберг,"Грета Тунберг. Фото: Johan Nilsson / Keystone Press Agency / Global Look Press Израиль удалит из школьной программы упоминания о шведской защитнице природы Грете Тунберг. Об этом сообщает The Jerusalem Post. Поводом послужило заявление активистки в поддержку населения Палестины. В министерстве образования заявили, что Тунберг потеряла право считаться образцом для подражания и теперь не может вдохновлять своим примером израильских учащихся. Ранее Тунберг в Израиле назвали пособницей террористов. С таким заявлением выступил представитель Армии обороны Израиля (ЦАХАЛ) Арье Шаруз Шаликар. По его мнению, активистка говорит о страданиях палестинского населения, в то время как никак не высказалась о жертвах среди населения Израиля. Пост в поддержку населения Палестины Тунберг выложила в своих соцсетях, после чего столкнулась с критикой как со стороны других защитников природы, так и сторонников Израиля. В частности, поборники зеленой повестки считают, что такими заявлениями Тунберг подрывает свой авторитет и ее позиция по многим климатическим вопросам становится шаткой.",,Мир,Марина Совина
https://lenta.ru/news/2023/10/23/pravitelstvo-vydelit-sotni-millionov-rubley-na-rekonstruktsiyu-detskih-teatrov/,Правительство выделит сотни миллионов рублей на реконструкцию детских театров,"Фото: Виталий Белоусов / РИА Новости На реконструкцию и капитальный ремонт детских театров правительство России выделит более 800 миллионов рублей. Об этом сообщила пресс-служба кабмина в своем Telegram-канале. Уточняется, что в 2023 и 2024 годах в регионы на эти цели будут перечислены 836,5 миллиона рублей. Самая крупная сумма — более 198 миллионов — пойдет на реконструкцию Волгоградского театра кукол. Также в этом году на завершение капитального ремонта областного театра кукол средства получит Томская область В 2024 году свыше 630 млн рублей будет направлено на модернизацию театров юного зрителя в Бурятии, Республике Марий Эл, Тыве, Забайкальском крае, а также в Калужской, Оренбургской, Рязанской, Самарской и Саратовской областях. В правительстве пояснили, что финансирование позволит обновить детские театры, увеличить количество посетителей и повысить туристическую привлекательность регионов.",,Россия,Марина Совина
https://lenta.ru/news/2023/10/23/v-rossii-dopustili-povyshenie-tarifov-na-internet-na-15-protsentov/,В России допустили повышение тарифов на интернет на 15 процентов,"Фото: Thomas Jensen / Unsplash Тарифы на домашний интернет и другие услуги фиксированной связи в России могут вырасти на 10-15 процентов в 2024 году. Об этом рассказал «Известиям» гендиректор агентства TelecomDaily Денис Кусков. По его словам, такие цифры привели большинство крупнейших российских интернет-провайдеров (свыше 43 процентов респондентов). Еще 13 процентов предположили, что повышение составит 16 и выше процентов. В то же время четверть опрошенных выразили мнение, что темпы роста будут на уровне 3-9 процентов, а 18 процентов компаний допустили, что тарифы не изменятся. Отмечается, что главной причиной бизнес назвал рост издержек, в первую очередь расходов на закупку оборудования, которое подорожало из-за ухода многих зарубежных вендоров. Помимо этого специалисты указывают на увеличение операционных расходов, арендной платы, а также дефицит квалифицированных кадров и сложности с проведением трансграничных платежей и логистикой. При этом эксперты подчеркнули, что несмотря на рост, тарифы на связь в России остаются одними из самых низких в мире. Ранее российских сотовых операторов обязали отменить плату за раздачу интернета со смартфонов. Соответствующее предписание вынесла Федеральная антимонопольная служба.",,Экономика,Марина Совина
https://lenta.ru/news/2023/10/23/rossiyu-nazvali-ugrozoy-dlya-planov-ssha-v-evrope/,Россию назвали угрозой для планов США в Европе,"Фото: Maxim Shemetov / Reuters Власти США опасаются, что Россия нарушит выгодный им баланс сил в Европе. Об этом сообщил член Национального комитета по американо-китайским отношениям страны Саймингтон Смит в материале для журнала National Interest. По его словам, Вашингтон рассматривает помощь Украине как «стратегический маневр в геополитической игре». Эксперт полагает, что американское руководство пытается не допустить появления новой доминирующей силы в Европе. Он отметил, что «значительное влияние России в Восточной Европе нарушает равновесие», поскольку страна может получить контроль над европейскими энергетическими коридорами и торговыми путями. «Для Вашингтона это тревожное будущее», — подчеркнул Смит. Ранее американский президент Джо Байден заявил о необходимости нового миропорядка, который должны возглавить США. По его мнению, американцы способны «объединить мир так, как этого никогда не было раньше» в случае, если будут «достаточно дерзки и уверены в себе».",,Мир,Марина Совина
https://lenta.ru/news/2023/10/23/banki-otkazalis-podderzhat-zakonoproekt-o-dostupe-silovikov-k-dannym-klientov/,Банки отказались поддержать законопроект о доступе силовиков к данным клиентов,"Фото: Reuters Представители банковской отрасли в ответ на новый законопроект, рассматриваемый в Государственной Думе РФ, заявили, что доступ представителей силовых ведомств к данным клиентов и возможность корректировки сведений о сотрудниках спецслужб. Об этом сообщает РБК. Как говорится в письме Ассоциации банков России, направленном в Минцифры и Госдуму, принятие законопроекта может привести к нарушению конституционных прав россиян из-за предоставления спецслужбам неограниченного доступа к персональным данным. «Банки должны будут предоставить доступ к персональным данным без согласия клиента и без решения суда», — уточняется в обращении. Как говорится в «антиотмывочном» законодательстве, банки обязаны по запросу Росфинмониторинга предоставлять данные об операциях клиентов. Однако непонятно, как это возможно будет делать, если спецслужбы смогут самостоятельно изменять и удалять данные о своих сотрудниках без уведомления финансовых организаций. Представители банковской отрасли также назвали риски информационной безопасности и возможность превышения должностных полномочий лицами, которые имеют доступ к базам данных. Эксперты не исключают возможность утечки информации. Как отмечает издание. банки предложили альтернативный механизм для получения и изменения данных в интересах спецслужб. В Госдуме пообещали найти компромиссное решение, однако безопасность отдельных категорий граждан в условиях проведения российской спецоперации (СВО) на Украине будет в приоритете. Ранее ФСБ предупредила о частных попытках аферистов получить данные врачей и учителей. В ведомстве предупредили, что зафиксировали множество попыток такого рода мошенничества. Аферисты пишут медицинским работникам или работникам учебных заведений и представляются сотрудниками правоохранительных органов.",,Экономика,Екатерина Подвигина
